Method,ROC-AUC,PR-AUC,Accuracy,Sensitivity,Specificity,Precision,F1-Score,MCC,Balanced Accuracy,TP,FP,FN,TN
Random Forest (Proposed),0.9936708860759493,0.9998417721518987,0.9753086419753086,0.9873417721518988,0.5,0.9873417721518988,0.9873417721518988,0.4873417721518987,0.7436708860759493,78,1,1,1
Rule-Based Baseline,0.9873417721518988,0.9996874511642445,0.9629629629629629,0.9873417721518988,0.0,0.975,0.9811320754716981,-0.0177892016741205,0.4936708860759494,78,2,1,0
Single Feature (flatline),0.9113924050632911,0.9977265149180216,0.9012345679012346,0.8987341772151899,1.0,1.0,0.9466666666666667,0.42396560643882186,0.9493670886075949,71,0,8,2
Logistic Regression,0.9683544303797469,0.9991883082481966,0.9753086419753086,0.9873417721518988,0.5,0.9873417721518988,0.9873417721518988,0.4873417721518987,0.7436708860759493,78,1,1,1
